name, success, samples, startup, setup, experiment, maxResidency
hover, True, 100, 9.916935132, 0.0, 0.48269071300000005, 171MB
edit, True, 100, 10.892325944000001, 0.0, 29.814292458, 172MB
getDefinition, True, 100, 11.522601252000001, 0.0, 0.8449014170000001, 171MB
hover after edit, True, 100, 10.497113535, 0.0, 38.391144658, 178MB
completions after edit, True, 100, 10.005696135, 0.0, 41.423665788, 183MB
code actions, True, 100, 9.981281715000001, 0.9265053580000001, 0.905302617, 204MB
code actions after edit, True, 100, 10.058724974, 0.0, 31.147682330000002, 205MB
documentSymbols after edit, True, 100, 10.009694254000001, 0.0, 4.464170808, 170MB
